Model,Params,MACs_M,Best_epoch,Seg_W_MAE_px,File_W_MAE_px,Pos_MAE_mm,RMSE_mm,MaxAE_mm,Mean_ms,P95_ms
plain_cnn_w16,26817,6.324,102,0.03214,0.02469,0.130667,0.184175,0.632259,0.656628,0.98854
plain_cnn_w24,59809,14.008,218,0.02826,0.01934,0.099356,0.140978,0.623556,0.889776,1.09765
plain_cnn_w32,105857,24.707,214,0.02813,0.01848,0.104577,0.14506,0.615766,1.175552,1.48814
